{"packages/awesome_dialog/assets/flare/error.flr":["packages/awesome_dialog/assets/flare/error.flr"],"packages/awesome_dialog/assets/flare/info.flr":["packages/awesome_dialog/assets/flare/info.flr"],"packages/awesome_dialog/assets/flare/info2.flr":["packages/awesome_dialog/assets/flare/info2.flr"],"packages/awesome_dialog/assets/flare/info_without_loop.flr":["packages/awesome_dialog/assets/flare/info_without_loop.flr"],"packages/awesome_dialog/assets/flare/question.flr":["packages/awesome_dialog/assets/flare/question.flr"],"packages/awesome_dialog/assets/flare/succes.flr":["packages/awesome_dialog/assets/flare/succes.flr"],"packages/awesome_dialog/assets/flare/succes_without_loop.flr":["packages/awesome_dialog/assets/flare/succes_without_loop.flr"],"packages/awesome_dialog/assets/flare/warning.flr":["packages/awesome_dialog/assets/flare/warning.flr"],"packages/awesome_dialog/assets/flare/warning_without_loop.flr":["packages/awesome_dialog/assets/flare/warning_without_loop.flr"],"packages/awesome_dialog/assets/rive/error.riv":["packages/awesome_dialog/assets/rive/error.riv"],"packages/awesome_dialog/assets/rive/info.riv":["packages/awesome_dialog/assets/rive/info.riv"],"packages/awesome_dialog/assets/rive/info_reverse.riv":["packages/awesome_dialog/assets/rive/info_reverse.riv"],"packages/awesome_dialog/assets/rive/question.riv":["packages/awesome_dialog/assets/rive/question.riv"],"packages/awesome_dialog/assets/rive/success.riv":["packages/awesome_dialog/assets/rive/success.riv"],"packages/awesome_dialog/assets/rive/warning.riv":["packages/awesome_dialog/assets/rive/warning.riv"],"packages/cupertino_icons/assets/CupertinoIcons.ttf":["packages/cupertino_icons/assets/CupertinoIcons.ttf"],"packages/getwidget/icons/dribble.png":["packages/getwidget/icons/dribble.png"],"packages/getwidget/icons/facebook.png":["packages/getwidget/icons/facebook.png"],"packages/getwidget/icons/google.png":["packages/getwidget/icons/google.png"],"packages/getwidget/icons/line.png":["packages/getwidget/icons/line.png"],"packages/getwidget/icons/linkedin.png":["packages/getwidget/icons/linkedin.png"],"packages/getwidget/icons/pinterest.png":["packages/getwidget/icons/pinterest.png"],"packages/getwidget/icons/slack.png":["packages/getwidget/icons/slack.png"],"packages/getwidget/icons/twitter.png":["packages/getwidget/icons/twitter.png"],"packages/getwidget/icons/wechat.png":["packages/getwidget/icons/wechat.png"],"packages/getwidget/icons/whatsapp.png":["packages/getwidget/icons/whatsapp.png"],"packages/getwidget/icons/youtube.png":["packages/getwidget/icons/youtube.png"]}